-5.097441581119180887e-01,1.893295240565722737e-01
-1.207243108417756838e+00,-4.104115272312237050e-01
-2.861307643312025473e-01,-3.380803135872050280e-01
4.510235190505506586e-01,-8.549252787148056698e-02
2.937325463656958124e+00,-6.195248538358433255e-01
-4.266176957780825063e-01,5.219120802413681481e+00
1.997932254688728620e-02,7.054867355465063383e+00
-2.697416106299903582e+00,7.074962922328166037e+00
-1.631302484479336901e+00,5.640869366054517720e+00
-2.121652786135642454e+00,6.551334596718719538e+00
2.866596106750708195e+00,7.645399654700565151e+00
2.500129359735856482e+00,6.113510957185209982e+00
5.837451579507078048e-01,5.195845633171497724e+00
3.439004987015029102e-01,4.681061491042142642e+00
5.022011124819555583e+00,2.783828639642345948e+00
5.132960011983213278e+00,3.726387952428409811e+00
4.385522994257925689e+00,2.456689548398608203e+00
4.771624901895322068e+00,4.581199613554341354e+00
1.333923363583581878e+00,-1.227139823925011752e+00
3.572754699757271779e-01,-1.747889757129070576e+00
5.801574817311081628e-02,-8.791144338240328704e-01
1.040011403097348852e+00,-1.098419471795653246e+00
5.102333848226417778e+00,2.985512572057621661e+00
4.167298370638174987e+00,3.026463320767962539e+00
2.760518691517483969e+00,5.000358788258473908e+00
4.001229700161682779e+00,2.417374462016652625e+00
1.458117052078482967e+00,3.003919876768295527e+00
7.713492745140136941e-01,-3.637416572234290768e-02
-3.207675152727162970e-01,6.685890773580222657e+00
1.289053000415102401e+00,6.086521043695938715e+00
8.262208553857276483e-01,6.715813615010368665e+00
4.454992423250270228e-01,6.740973319652458606e+00
-2.589676095670298550e-01,7.118651871725895752e+00
3.758701008645314867e-01,1.145769143415482416e+00
-2.159471953981820569e+00,2.048821668562440246e-01
-1.205905277321047686e+00,1.969104835232353690e-01
-1.055048504609603199e+00,8.230188592637098788e-01
-1.609977117812889241e-02,-9.086783945751827352e-01
6.570132685743005352e-01,4.533670347815323076e+00
-1.216431246250330833e+00,6.444344145561650805e+00
4.123505773545263486e-01,5.275210754713002714e+00
1.793653996298324227e+00,5.073350169235112617e+00
8.844605949982879967e-01,7.642354918554245202e+00
6.411353733851313796e-01,6.903201235008953773e+00
4.654625891747669719e+00,5.115358707365736279e+00
3.876895820536045090e+00,3.684220365515270323e+00
3.445966901378564540e+00,4.027874753042946843e+00
2.654538369389987551e+00,2.570216317707528120e+00
4.692786086100976028e+00,4.770366561924593185e+00
3.479592002209985768e+00,5.513824440075875799e+00
-8.489946655953728438e-01,2.769815417682032432e+00
-3.809938491654789317e-02,6.875995114146864040e+00
-1.067226777794776371e+00,6.242756540879812022e+00
1.371780098432542061e-01,5.312268242422987896e+00
8.599700572021089506e-01,5.599924814667204487e+00
2.552112003784692273e+00,5.101753129106649354e+00
-4.915934420092906709e-01,4.913277884036542531e+00
2.322877961471228048e-01,2.138880552041433347e-01
2.179607304730806216e+00,-2.365062252978519519e-01
-1.172691703455882362e+00,-1.304880104356593629e+00
-1.542457895747661345e+00,1.941385239780026861e+00
-1.379723798966486115e+00,6.672018082518745175e+00
7.206261242395360644e-02,5.555598781886788906e+00
-5.348859949436542971e-01,5.974064684822034010e+00
-5.406046421189252271e-01,4.766835008533923279e+00
-4.331036525136499615e-01,5.695567152407687850e+00
-1.195994650830096928e+00,6.758889079037606606e+00
9.727830711709095635e-01,6.691368861465603501e+00
5.611967088955104543e+00,4.605153407059274784e+00
3.898422112416203955e+00,4.040069378723922355e+00
2.763078562684852635e+00,6.183981407682377807e+00
3.776987305264603911e+00,5.033836725454606587e+00
3.641637515839926564e+00,3.823789146321812993e+00
2.577287947753283071e+00,4.498191801844885873e+00
4.291176802528021916e+00,4.206776210490894563e+00
4.079564399663946794e+00,3.985039421660230730e+00
2.055700680506404587e-01,7.286750459662575174e+00
1.693808136646299145e+00,4.758759663100170734e+00
-3.845590377298693796e-01,7.095218856307014654e+00
3.481965375730671775e-01,6.301430946492193819e+00
2.582999677880331024e-01,5.887505754181407980e+00
6.863417084767610143e-01,4.816971341166845555e+00
6.119072288560286621e-01,7.332714853533806476e+00
-2.644119607933772098e+00,6.767874688787794746e+00
4.475920768971011071e-02,6.435129697557252726e+00
-1.966210688592132938e-01,6.969852350978172240e+00
4.362638717346079692e-02,6.579914055132659811e+00
1.328508833940033496e+00,2.389817994020350944e-01
8.582206297360667202e-01,-1.552473487379723238e+00
-8.615387778123193008e-02,6.429089504212247341e+00
-2.629219456855733106e-01,5.139703363126958635e+00
1.054688331912608357e+00,5.776794251008388947e+00
-1.704559073896806609e+00,4.727033689904853730e+00
1.995954531013409416e-01,4.845026178068196465e+00
-5.078861440556196039e-01,6.708284090057954785e+00
1.529714222465456741e+00,7.645055121961654265e+00
8.215608701268209302e+00,5.947795005235478882e+00
7.329800212121370784e+00,6.651782508061273802e+00
8.723649481536380534e+00,5.004393385757313517e+00
7.340040875652498187e+00,5.438690069152638529e+00
8.369302599998471592e+00,5.023743583776538735e+00
9.336972347159699481e+00,7.265487525480828879e+00
7.320626918465943156e+00,6.868794500202320741e+00
8.655000464443073582e+00,6.316664740009959367e+00
7.654030067299186335e+00,6.235243098590914634e+00
8.938513531872589013e+00,7.856296622448860845e+00
7.823247350962676094e+00,5.760647577373728012e+00
8.978202887952631883e+00,5.019074651337708026e+00
6.714115855430717872e+00,5.287429216902060247e+00
1.016756544126223183e+01,5.034478720645631178e+00
7.148352079252497049e+00,6.282610790095804809e+00
-1.850591248062124772e-01,1.592930912979615865e+00
6.591398085049696709e-01,7.435149605666733663e+00
-1.502802605233621192e+00,5.416984362009024778e+00
-1.732056235617682738e+00,6.211892689958620650e+00
-1.701039127773048776e+00,5.112887874120713327e+00
6.231894439105455374e-01,6.484875976488237548e+00
1.045989074552896136e+00,5.228024061457759331e+00
-8.784115469769421258e-01,5.956914208938368205e+00
-1.868851231294240689e-01,-1.316904201144019959e+00
-4.352512543549991730e-01,6.738135969360543598e-01
-1.395289530249138821e+00,-1.433857735782131382e+00
1.256086628462776522e+00,-1.149506060443180044e-01
-1.740709280507602985e+00,9.260224561196291060e-02
2.856309064846069834e-01,-9.399343995289726195e-01
5.901831756747704105e-01,7.580042773909109854e+00
-5.347594738007723780e-01,6.073710016563079073e+00
-9.624846695063952184e-01,4.984322204437670933e+00
1.826725750862509212e+00,6.106533835595210569e+00
-6.497236912960320521e-02,6.517160280217582091e+00
7.904315377674817622e-01,5.025207547743281822e+00
9.034911642390469622e-01,4.933165770326540134e+00
-1.455164970722137019e+00,5.629178014578046785e+00
-1.331267714119657164e+00,5.518144052183276749e+00
-5.472675384087187511e-02,6.161359675115405526e-02
-1.104649519186006179e+00,-1.050777664803691058e+00
-2.893987999240976716e-01,1.011099564024968700e+00
6.431614932790156169e-01,-4.057866577544691489e-01
1.683703204870839576e+00,7.093656185192863672e-01
1.107254024471828524e+00,5.362624899545840318e-01
6.235106195510185856e+00,5.939369966095821241e+00
8.185972003804662833e+00,6.419927090155617577e+00
7.408695876240417810e+00,6.546116906290988524e+00
9.983799979739668373e+00,6.370410960029817105e+00
7.696016659255794146e+00,4.450811497331327971e+00
9.534641462596341044e-02,-8.092343625359580406e-01
-2.320421186146655490e+00,5.291454606724725895e-01
-1.218174687297389092e+00,1.171665760788265787e-01
-6.976288401804578432e-02,5.844388157936554862e+00
-8.833381089539868447e-02,4.591211564797813338e+00
1.386506806969425520e+00,6.654285293696023729e+00
-3.090807682870451711e-01,4.468543782345178350e+00
6.908870458253660862e-01,7.099499555116885574e+00
-1.389660666578367565e-01,4.838488069952349591e+00
3.688244621988379990e+00,4.413955435051382103e+00
4.419985887562736693e+00,4.559848662292088406e+00
5.005324877793848160e+00,4.661889311980253581e+00
3.412988232414966738e+00,3.348020244833938452e+00
2.899714666772335470e+00,3.958680926183994586e+00
8.328123007426488922e-01,1.240740263965204093e+00
-6.046067055546711089e-01,-1.121555121788944565e+00
1.662526772860247082e+00,6.357570926194443528e-01
-1.328516843140338244e+00,2.181714101348075363e-01
-8.964815594491195583e-01,1.665211075505986571e+00
-1.382181572865881503e+00,4.260673100636986899e-01
1.942331469916168118e-01,-9.445083545781167711e-01
1.074902781983332334e+00,7.266763575047624490e-01
-4.564676528560043245e-01,1.408521889105769143e+00
-2.109034574022938369e+00,5.113478215358145285e+00
1.421152420229712318e-02,6.163812066932181644e+00
9.620554555975230349e-01,7.512789484028018272e+00
1.379064666293660535e+00,7.674658399486972371e+00
-6.185751218540913587e-01,-1.050875500324154554e+00
1.798967627917789969e+00,1.147407182187848429e+00
4.730272959796593568e+00,3.489798252215525753e+00
3.360042370794036337e+00,2.789529593017548770e+00
3.258272198599868830e+00,4.531221341581622930e+00
1.854860853451815839e+00,5.565208794047258323e+00
1.371234508756117576e-01,5.912716944220215431e+00
6.986814570587275286e-01,5.041215687712065296e+00
-1.217782575963572089e+00,8.231335578871091130e+00
8.013215681914334088e-01,6.549399371496765099e+00
3.783280769832845780e-01,5.752152302016386720e+00
1.864950329914022431e+00,1.092245887180805841e+00
-2.041576709877122170e-02,6.870156981432417043e-01
-4.640758813960544488e-02,7.080003473858810459e+00
-1.538061264009384921e-01,6.462726562022705679e+00
-6.003398431828330661e-01,6.205567996166026390e+00
5.883089375166580259e-01,7.293201850038913747e+00
5.844915816458245983e-02,5.850597349157974136e+00
1.473893231861070019e+00,4.994116421147046125e+00
7.397417217274392387e-01,5.818382535643825015e+00
2.006098334773697811e+00,5.296258002306316826e+00
1.214192408139844082e+00,5.314065734768844251e+00
6.860344532965449993e-01,4.994355019860539535e+00
1.211997442589848983e+00,5.811494690661879403e+00
1.439692831267470607e+00,4.554910853440802931e+00
-2.920309788418356534e-01,-6.854253914047903073e-01
-1.034347324049772698e+00,-5.803382212052258238e-01
-6.646229089864695849e-01,-5.789300002966636383e-01
4.462448697368246897e+00,4.506371713672203683e+00
3.330195620522176547e+00,3.816859543622822759e+00
2.910940772682699240e+00,3.657768267242823779e+00
5.503708716525707700e+00,3.487417486898855667e+00
4.317035046583760582e+00,2.666142946638572653e+00
4.329484864240435549e+00,3.631350576166886945e+00
-1.508758306791335047e+00,6.952155418864617076e+00
3.726878108812329282e-01,4.628218113221038266e+00
-3.426051725771799283e-01,6.902404368929628831e+00
1.122747407028070965e+00,5.652850662064620835e+00
5.309172431038574613e-01,6.950505542648508062e+00
-5.789489444939813767e-01,5.809775725239862076e+00
-6.800414997019916807e-01,6.322914344572403422e+00
-1.240899476069150298e+00,6.137074559059771950e+00
1.473608147760842257e+00,5.917840076777362235e+00
-4.802959137105793919e-01,7.457256535154359156e+00
2.737722747277770985e-01,7.457204147317065157e+00
2.271102604383850310e-01,-1.394786159507886758e+00
-6.089141596869400708e-01,4.409782626149399976e-01
-8.035522007522268029e-02,1.245159439780311850e+00
-4.868063065664978706e-01,6.040286867323320763e+00
-1.037877309925775426e+00,7.515477552179978815e+00
-5.048761090719101619e-01,4.895117696319480238e+00
1.520644034892602303e-01,4.995670103039212329e+00
2.589932879185504966e+00,5.739323539458856871e+00
1.193648453953957134e-01,7.235733499348257602e+00
3.275341278873377782e+00,4.697212470062320122e+00
3.070087218282844255e+00,3.293103599696237005e+00
3.258125748515444453e+00,3.697097137917731313e+00
2.246695888849447265e+00,3.598462534944787627e+00
5.343951534881047571e+00,3.658364405422077859e+00
4.422270265552382895e+00,4.542328417066299195e+00
4.098384754930904705e+00,4.545185622359801059e+00
1.847088674058985480e-03,5.429498800591043839e+00
7.580247135137995196e-01,5.164542782914363528e+00
3.200318927205710318e-01,6.284326201984560711e+00
-2.426915569923979721e-01,6.270804387892090936e+00
-3.471393859645457991e-01,8.038230621518625441e+00
-8.812792333162616787e-01,6.486108466540432715e+00
4.334611831473524912e-01,5.138529199417897431e+00
1.255583639219449932e+00,8.122093031982165812e+00
9.325172420913764526e+00,5.051272404624843837e+00
6.852518353608755497e+00,8.231452191495030490e+00
6.743683415729865516e+00,6.462191535028797951e+00
7.843881710906444482e+00,6.503123939106040474e+00
6.945960623795777167e+00,6.904294813072995751e+00
8.442248688713140936e+00,7.036368286416985640e+00
7.911588219812625944e+00,4.247231611125258155e+00
9.089210524543432257e+00,6.375574689484592383e+00
8.285532202570678351e+00,5.603850232302702850e+00
8.088915208456754158e+00,7.725795392162950748e+00
7.801166284568926024e+00,4.833872124660397951e+00
8.407497300774199545e+00,6.306252780338537534e+00
8.271600319043056260e+00,4.521543247300570556e+00
8.441325413860843341e+00,4.626030313167202479e+00
8.407049216987465101e+00,6.610146130163446543e+00
6.746123851242226799e+00,6.686789140476809834e+00
7.697821729363679921e+00,5.740284112054050425e+00
7.629061272066246957e+00,5.827514188143151586e+00
-3.432803780384212078e-01,9.703521635745556706e-01
-2.388909486203163457e-01,-2.541193267813143808e-01
-8.205853922173818038e-01,4.788541600685335825e-02
4.319959743910902539e+00,3.869104379408299987e+00
3.852922689149674618e+00,3.284637331956941075e+00
3.434860704254351305e+00,5.740790243751408894e+00
4.892913922842309304e+00,4.773615037088388746e+00
3.484291259731874035e+00,4.156013499373961473e+00
2.798866937019380607e+00,4.072981746033404349e+00
3.608750452398088004e+00,2.495147356404638472e+00
6.568809219795695986e-01,6.484838172333563300e+00
-2.229971005549001017e-01,5.371888749749166969e+00
1.357712854018658710e+00,7.001567724993694952e+00
1.921442394282677713e+00,5.471539940694476023e+00
8.598145108630872002e+00,6.181889243100703979e+00
8.422657491451717604e+00,5.697624855716133752e+00
7.041087002537921968e+00,5.591865184772791153e+00
7.629654085320846768e+00,7.372832427336415861e+00
5.932651963576176968e+00,3.875994199878939117e+00
6.713173899573806835e+00,6.061357661892000870e+00
1.032540716394346703e+01,5.505259654200052921e+00
9.618895068447383956e-01,3.821484337856816405e-01
1.532696009283745164e+00,-4.041170847222501084e-01
5.154948417634945823e-01,-4.196318265084698212e-02
2.437539783865752263e-01,-1.401936677670887699e+00
8.548086257464420967e+00,6.237417047309039120e+00
6.324997940206946723e+00,7.067114005701014889e+00
6.622915356801691189e+00,6.548119418406153081e+00
8.118718478154143270e+00,5.092581285560827453e+00
9.067921213992793383e+00,4.028972626236392074e+00
7.525192023607491620e+00,6.932933773923886989e+00
8.375751401413376485e+00,5.227365173531698161e+00
8.992889245333802961e+00,7.439067179165483878e+00
6.856364137256742097e+00,8.176228831170405442e+00
8.354627503515414944e-01,1.028641790023196112e+00
1.100784998774175572e+00,-9.996229396060265504e-01
5.782325262773183039e-03,-7.213306775578011421e-02
-2.252371574468147730e-01,1.491102632553872320e-01
-4.366145394371314103e-01,2.334498557805005925e-01
8.548439023970964001e-01,-2.399474445806512868e-01
5.037472641092234582e+00,3.678443909545496382e+00
2.562547827263637057e+00,4.877741246004469566e+00
4.650726118666717035e+00,3.357016901274155085e+00
4.129900148354377798e+00,5.243365031249867414e+00
2.382442258972631954e+00,4.444352365385451087e+00
3.551802616171873428e+00,4.503041338883658540e+00
4.892902171107114562e+00,4.009412061306472985e+00
5.372417639864431216e+00,3.630540514078648417e+00
4.650941514813461630e+00,4.023554811080489735e+00
-1.159891254047869247e-01,8.483966258053921905e+00
2.041716632657333275e-01,5.452321278037702612e+00
7.828901554704748023e-01,7.861990430556609510e+00
-4.438623912609935829e-01,4.884564059087031396e+00
1.411131214197710815e+00,-6.570055554791948138e-01
-1.226895663422156835e+00,-7.155486396453035747e-01
2.267279736974541771e-01,-3.044237562310231904e-01
9.918265612878759407e-01,7.650294360682124983e-01
-1.101796400871476012e+00,7.247148978476006809e-01
-7.874553796105404624e-01,-9.420721991946383600e-01
4.014968850306525283e+00,3.811303491107548957e+00
4.218281278254178979e+00,4.206049184615811676e+00
4.669645657737270028e+00,4.883393400479322466e+00
6.944932322665170688e+00,4.408541173832417392e+00
3.542423961917466890e+00,4.380177198419493045e+00
3.864955372592259852e+00,4.095170897075839811e+00
4.266128798676779077e+00,3.304767325699121461e+00
2.538825499283767773e-01,6.342423325178611293e+00
-5.068092601754891069e-01,6.329176049969514217e+00
-5.771438869337702782e-01,6.961737275164050054e+00
-1.325920519131291164e-01,5.955183876296276324e+00
-1.826360425920293018e+00,7.844549261299405885e+00
1.674932193878261311e+00,5.869577397650667550e+00
-8.053327071338571841e-01,6.408627516546538949e+00
-1.366487217742198557e-01,9.296504927008711339e-02
-1.486066108742945202e+00,5.655362645646491160e-01
4.709831813774112974e-01,7.285239803826714322e+00
-4.197279712736230045e-02,5.804561805585856327e+00
-2.814334002431586601e-01,5.999525982903074706e+00
-6.296623681661746019e-01,6.048636193584640885e+00
8.864035505980388807e-01,5.895012037775636315e+00
-5.566909913835060841e-01,4.498908331954369011e+00
4.344755287369839736e-01,6.906180962155287872e+00
4.771650072966968636e+00,3.270377012038363951e+00
4.862233534156951364e+00,6.820267832804631780e+00
4.617431616627916569e+00,4.084570668439144292e+00
3.613180988089869317e+00,4.709360686206027324e+00
3.203703255510824910e+00,2.206827413629325996e+00
2.722435617890111015e+00,4.398013466187933318e+00
1.820773680104828873e+00,4.217662446010032262e+00
1.312050834462921589e+00,-2.509788954301851671e+00
1.855148382693750264e+00,-1.955417092104712318e-01
5.390394588377480645e-01,-4.670977303885113230e-01
1.186749713654090543e-01,6.124939614745013472e+00
1.893212499850815966e-01,5.451952600820379580e+00
-1.480847271522202968e+00,8.914848239711087530e+00
-2.840750823369056488e-01,5.733948706362843595e+00
7.039717306961502663e-01,1.070032870646431933e+00
-2.019566472256684619e+00,6.211690873556733328e-01
-7.354012072565508928e-01,2.455248652282115973e+00
-6.119320982430729305e-01,-8.974928138347825213e-01
-6.093938055033407686e-01,4.762376420233181307e+00
4.591585744488204113e-01,7.449407618882830207e+00
-1.535625865367370446e-01,6.044996093315059049e+00
-2.060491657948216593e-01,5.047439470580756371e+00
-8.889437001890913015e-01,6.166850046709943634e+00
-1.566826128989924627e-01,7.642054129027159526e+00
2.754726879024663733e-01,7.118401581763690089e+00
-8.017547983282394819e-01,5.324822401594836663e+00
-1.011987838086140373e-01,6.582702011307175027e+00
-1.383925923610487052e+00,3.239154174525006979e+00
-4.749709675102053441e-01,5.305756416701266076e+00
5.676659798329215523e-01,-2.234874782057677534e-01
1.731914843378378754e-01,9.085291113257363271e-01
-1.051826886600846889e+00,-1.816573450242541687e+00
6.974754384976172839e-01,5.939707679195310730e-01
9.748741404162191149e-01,-6.604948258156777552e-01
8.386934219556020365e-01,-9.126628750939098644e-01
6.854600244665826070e-01,1.037381105888830257e+00
-1.471741387552857772e+00,4.934353524308709105e+00
-8.156204311025095910e-01,6.303604954986660402e+00
3.769899152985018592e-04,5.728160535323118197e+00
-5.602073292680098682e-02,6.723395082534828759e+00
3.053316679255912436e-01,6.219694656536059796e+00
-1.452023425262838341e+00,6.780292394681088020e+00
1.510487140305049492e+00,7.088109525833334423e+00
-6.162018502459535307e-01,-1.857208795258569412e+00
8.874789778407322638e-01,5.753088450530065012e-01
-1.420741507280226246e-01,1.384866190915749196e-01
1.363872341748118444e+00,8.891076220062529289e-01
6.896761272926255071e-01,-7.379824839236091005e-01
3.388732452587782107e-01,8.053139866676225500e-01
1.233089493917691071e+00,7.513720575668402013e+00
9.254298762329656869e-01,5.189588108928584909e+00
-1.594519369979591206e-01,6.617667840056219219e+00
-4.672217933307187820e-01,6.006566616271319603e+00
4.480659804612266983e-01,4.687013891698315504e+00
2.203777127089108223e+00,6.331258606279086543e+00
-5.334820007654327290e-01,5.792423092216561820e+00
-3.958005264124524469e-01,7.276196441175455387e-01
-1.322731095660237832e+00,-7.893364035186611893e-01
3.221884754777386561e-01,-1.431564170336787900e-01
7.006731228534467171e+00,7.109178020872843895e+00
9.065187609772181077e+00,4.961343084348206034e+00
8.722234209374644109e+00,7.396567138950436160e+00
8.593478695119356914e+00,7.429577578838465257e+00
7.923374216916031720e+00,6.549645968546244035e+00
9.404097760707712084e+00,7.200172673074832552e+00
8.193833048012900022e+00,6.052010542013529282e+00
8.282384933734180166e+00,7.188393045731288566e+00
6.882190100981165237e+00,4.585629316851247417e+00
7.784376897530231432e+00,5.207897918910525448e+00
7.993276877195993002e+00,5.848509925978778057e+00
7.237891611899978983e+00,6.626555402610999401e+00
7.845459600287568946e+00,7.166644685188261477e+00
-1.121718050533389022e+00,-1.406512716799303231e+00
-2.123279120933215317e-02,-1.322158094711615828e+00
4.182152130819314917e-01,-9.004409545622511502e-01
1.478807367229340919e+00,6.103166854198223135e+00
1.658861543260921279e+00,6.919194450278018493e+00
-9.084292935089693932e-02,7.212734585896747319e+00
8.478076834701059328e-02,5.084078808504936653e+00
2.816548867614697693e-01,5.033642376187540179e+00
-1.307933800667146762e-01,5.447057581904079626e+00
-5.438968359317406520e-01,7.057016056635217360e+00
4.325036919364774413e+00,3.922185945413839470e+00
4.152422517644036581e+00,3.791721258363942137e+00
4.008957832690545509e+00,5.165337466076691975e+00
6.099722143136149910e+00,3.179488094374769425e+00
4.820020381167671175e+00,3.911860721674665697e+00
3.990824676836146168e+00,5.488532632938830425e+00
3.923037933204143179e+00,2.250544104525548761e+00
3.228158495195715627e+00,3.524978284510372539e+00
4.260339024811326425e+00,4.985243626988868471e+00
4.974794868284901028e+00,4.590050528169971500e+00
5.346637391238882486e+00,2.311530592706980247e+00
3.006414007505846087e+00,2.891585455175963659e+00
5.724371035578193379e+00,4.817806975305261474e+00
-7.026135816985006333e-01,6.672438892672111876e+00
-2.762692139118483325e+00,7.512841518042404410e+00
-3.654092549620515662e-01,5.108362885890230132e+00
-8.839500233985745359e-01,7.622861482395586918e+00
1.150806098717402470e+00,5.398607282427144938e+00
-1.157703291515671529e+00,7.239529416921539173e+00
6.125865051459734589e-01,4.509138284793298368e+00
-3.442101485347677792e-01,7.136483342708038080e+00
-6.975812191198238477e-01,-1.121169585877501151e-01
3.705665775281592744e-02,1.959167540111249828e+00
6.436495487930383952e+00,5.890704267576446718e+00
5.651000560013574869e+00,5.967144003072808900e+00
9.174738967974345627e+00,6.527805466913731536e+00
7.193630645114457600e+00,5.169523997440522045e+00
7.852189570269246133e+00,6.454832670812037598e+00
7.846443076460950294e+00,6.987636347696831507e+00
7.859464764393444547e+00,4.577618330610885522e+00
8.629033228392716026e+00,5.729899849458159444e+00
9.306795450533996927e+00,6.061015240067907150e+00
9.528101119975501021e+00,6.964693125808864238e+00
7.162544334504048926e+00,6.511627276678616738e+00
8.188742684733002264e+00,5.463614099560690995e+00
7.039940442478955340e+00,5.661135061422763570e+00
6.372569397816944203e+00,5.555213045620889467e+00
1.266852618886640691e+00,-3.923295162367864131e-01
7.720065040386240307e-01,1.328585071788194183e-01
1.562801688300633762e-01,6.005845742680790966e-01
-6.682620781786974273e-01,6.762901726563443905e-01
-1.641380718280218476e+00,2.110185687302832847e+00
4.997782039688491551e+00,4.185101465054695602e+00
4.588466373050716030e+00,2.790597233458965043e+00
3.968372494284757579e+00,4.104740707844332093e+00
2.251777568390785689e+00,1.820279749121831880e+00
3.680306167344638890e+00,4.553400432819072918e+00
4.991161661039130060e+00,5.361113972836550445e+00
-1.136520286302511229e+00,5.749847857990604716e+00
1.776235536008726468e-01,6.649291300250182779e+00
2.313250371571071273e+00,4.397295133682935564e+00
8.020599182140496497e-01,5.730494855020262790e+00
7.143380542586554860e-01,5.347999470959085677e+00
1.529368649335601127e+00,7.245071078869822045e+00
-3.388341146728501840e-01,7.562624826128454991e+00
-1.794207420395816932e+00,5.949079543763803102e+00
-2.565094455686748876e-01,-7.488384411565206511e-01
-6.641624469472259262e-01,9.808214626238520584e-02
-1.445875418422865044e+00,-5.875401849202919191e-01
2.814622954624359075e+00,-1.572248528619462959e+00
-1.117513920642718706e+00,-9.782281071653178284e-01
-7.631876204683010201e-01,-8.050962729845760890e-01
6.161570455066005536e-01,5.792143270590758064e+00
6.536223269633375521e-01,5.323455799197907012e+00
1.108494647403685529e-01,8.088032984042492046e+00
-3.165031358912887005e-01,5.346362110435076254e+00
-2.232715358513130965e+00,6.323404758279500548e+00
-8.573996410284585590e-01,6.346443396300897710e+00
1.330184989003019957e+00,6.275360753317065665e+00
-2.680074961807247247e-01,-4.775919952212915320e-01
-4.123731295007985742e-01,-1.208881375838853245e+00
1.602363133876612222e+00,2.752967341723851491e-01
-8.928719087457814840e-01,-2.397679203168410766e-01
6.576832399090631887e-01,7.048550243349666289e+00
2.395362758417428850e+00,5.244405530583033048e+00
1.720726351853318903e+00,7.892030572495223772e+00
3.053875831586640444e-01,4.647049895059108593e+00
8.931073230593809115e-03,5.967550162431090932e+00
8.066520979158053883e-01,5.257896724766070840e+00
6.657936088170847144e-01,5.905276842814386917e+00
5.640824066664079650e-01,6.726710002149716594e+00
-6.091030783387707537e-02,-4.394500959216368630e-01
3.625178785399444603e+00,4.474889560203906491e+00
4.919054723338111224e+00,4.878424094715348325e+00
3.962900469936608161e+00,2.737991496288765703e+00
3.427676784289332534e+00,3.316600384194411166e+00
4.987194035641734580e+00,3.479881251548619048e+00
2.849888514056633682e+00,4.246332094980061811e+00
3.769868015734836764e+00,2.674651872745670289e+00
4.118348632476006577e-01,6.143371780418444672e+00
1.354041674185629818e+00,6.489937322073653370e+00
-5.280496495956554792e-01,6.062754603032884049e+00
4.532987455971437818e-02,4.905128565815616071e+00
-1.223940109301006940e+00,5.741379254156058209e+00
7.167886686260492857e-01,-8.222313953844674339e-01
-4.397122443712399020e-01,-2.165984364658649075e-02
3.134165245659755961e+00,3.904857840070971697e+00
2.549738854486062856e+00,4.055496965241606411e+00
4.092651875280981066e+00,4.150926378838174280e+00
4.128626429316007318e+00,1.575020610288905054e+00
-5.349534430682333364e-01,6.582483104444022182e+00
-2.365748941062246480e-01,7.041856696401486815e+00
-6.794491849712083198e-01,4.437299068694855464e+00
-6.901358649132468548e-01,4.654807453872596312e+00
3.123489992440849350e-01,7.598798673398357906e+00
5.867771999582463982e-01,5.183318640713697079e+00
-3.333310717315126070e-01,6.568853730216218878e+00
-3.994025971116830220e-01,6.261425357335055786e+00
2.357017191154505031e+00,6.144738653869307399e+00
3.281802652688746935e+00,3.826957968041183822e+00
4.684415499716292786e+00,2.894445452425093546e+00
4.626006749639724802e+00,2.564907639631683445e+00
2.316970220176460149e+00,2.844061614445111186e+00
4.491174803207563571e+00,4.160745292643800219e+00
4.150127905004201700e+00,4.479170227967204099e+00
4.105386920036523613e+00,3.337662276761590441e+00
-1.071967415091962694e+00,7.834035815171066730e+00
1.046154123138196779e+00,5.827073872566139734e+00
-3.787098745311484049e-01,5.412359199917279540e+00
-7.922449780474549730e-01,6.390111272293632183e+00
-1.467511164735718632e+00,6.645603510790995649e+00
3.814956446957006309e-01,6.370849052497726817e+00
-1.417098068445816983e+00,6.242553615194207595e+00
-7.822525219463943857e-01,7.149971635953559890e+00
1.701503503765375624e+00,6.734290728346293164e+00
2.403870382229993385e+00,2.082465820498297926e-01
1.906651778788307272e+00,-1.091398043116733746e-01
-8.765125463813611129e-01,3.105557683088102094e-01
1.585924699300188256e-01,1.592554185071729800e-01
-5.690910727036496697e-01,-1.965428563355057501e-01
-3.213338802077260192e-01,7.077187665330185729e-01
-1.732001633919153294e+00,-5.412608414023308834e-01
3.965298505182541788e-01,4.381872261189362905e-01
5.005384749691346613e+00,5.614722776866543974e+00
3.071200197084868133e+00,4.517632496275139964e+00
2.726190870139826306e+00,3.970710634447645493e+00
5.229728818304547611e-01,5.029156707381604363e+00
-5.053824552602510511e-01,6.887053969859547209e+00
-4.476099351364395407e-01,4.452358926904734560e+00
-1.469984719149851182e+00,5.284723492317309201e+00
-1.080294126179440983e+00,6.347669274249131632e+00
-1.230712630532700746e+00,5.200575852738697158e+00
1.349043670937339900e+00,7.450478426247898689e+00
1.045034114815015158e-03,6.547110241935206965e+00
5.491962565416710351e-01,-2.706539830754624565e-01
-4.392012575303794880e-02,1.069766633035015957e+00
-4.380187073835068445e-01,1.218047526100672802e-02
-4.964366446917534842e-02,6.952980132214436892e+00
-2.172202833842629133e+00,5.950803887312277496e+00
9.355217435638739643e-01,5.540096146234495755e+00
-1.188492130078660836e+00,4.595758141249890905e+00
2.463939108592067551e-01,7.033757679443492172e+00
-5.717412763770309825e-01,8.116596713042891764e+00
-6.746705070048730768e-01,6.916938535695290824e+00
-1.875243933485525871e-01,5.563638763022836997e+00
7.373166001563378202e-01,7.064567702004671546e+00
2.112717771802580469e+00,6.863348044947469972e+00
5.320178741231990083e-01,6.707065481143311025e+00
2.763439680055324033e-01,4.450630308937768120e+00
-1.669436140843429728e+00,5.273346305459924110e+00
4.108298276015514006e-01,6.437428268754031180e+00
3.729787319396595802e+00,4.965748832265524548e+00
4.800787219158927144e+00,3.940493902120947745e+00
4.293102296001083396e+00,3.087935957410361976e+00
3.249943278951481052e+00,5.347243939142414249e+00
4.573245949897751572e+00,3.583793074234890685e+00
2.976645537302281319e+00,4.603616212352961590e+00
3.484586727026050657e+00,3.768805896337279471e+00
-2.854505746712564518e-01,-1.568153732694192115e+00
1.451241383000420937e+00,5.037188608523915923e-01
-3.983202722531120621e-01,4.677850615263599021e-01
-2.918270739930113322e-01,5.131985839768480773e+00
-1.250849913768696364e+00,6.157233679394502168e+00
1.117858976504663149e+00,7.194962549598041157e+00
5.516208826641417762e-01,7.552769307044220781e+00
-1.198349880845053450e+00,5.309285114939904737e+00
-1.660360354075185452e+00,6.936984896748239926e+00
-1.461895512200933611e-01,6.376888180426416142e+00
4.326475550296907113e-01,3.267843838572765058e+00
1.405797869917062126e+00,5.110081458103675089e+00
3.736062585474728831e-02,4.696268984989407258e+00
-9.471811932095220987e-01,7.471887853908568689e-01
-2.054173882641839199e+00,-5.311550240603984951e-01
2.467713084635421994e-01,-2.662478258617871976e-02
-8.095359510508485235e-01,-1.628925953636533031e+00
-3.331418757150906296e-01,-1.375021420950530038e+00
3.286695770801310590e-01,5.556663914372309776e+00
-7.514994289935706950e-01,7.619830528590332719e+00
1.795095873691416599e-01,6.777211966035382673e+00
6.413167314638762440e-01,4.245967858580439014e+00
3.636427559916800140e-02,6.837405979289104430e+00
-1.849967589579880833e+00,6.117448913955379375e+00
-1.912762773029280217e+00,6.845701832564647482e+00
2.085149901884061907e-01,7.214112895655791391e+00
-9.144138074388695747e-01,6.822481404472881650e+00
6.466489318059053248e-01,-2.908819279919338530e-01
-4.715028702618464518e-01,2.281991607956805446e+00
1.212960316241930014e+00,-7.199027758174328939e-01
-8.365770841309736472e-01,-1.321251297718676110e+00
2.727193605128790388e+00,4.377663059015764802e+00
4.242097027756686067e+00,3.713144932351450933e+00
4.997654182322863292e+00,4.015893581597470785e+00
4.450795998635635797e+00,3.691402341898001538e+00
3.322119966900575427e+00,3.784068775525716077e+00
2.820757411026420414e+00,4.179067527945040439e+00
5.760525769908920068e+00,4.764759136988818256e+00
3.479978575371108107e+00,4.785559359908505783e+00
5.921983711882531587e+00,3.418057029636205169e+00
-1.385127292894143824e+00,4.834712428277561536e+00
-8.608063701565082937e-01,5.420659921098198275e+00
7.343146617376355989e-02,7.126638555237189365e+00
-1.471992559733476646e+00,6.201469377513954662e+00
-8.865618940979804741e-01,7.455288899676261849e+00
-1.196061397864394804e+00,5.367238259210298068e+00
5.168618802935790457e-01,6.161629826306031177e+00
1.068361981093544077e+00,6.012346285089176234e+00
3.166860940046498096e-01,6.189999487600770678e+00
-4.438350302235221506e-02,6.850889637726873538e+00
9.993941143424450724e-01,-1.198309252430056038e+00
7.113095783228856606e-01,8.340109520026030288e-02
-6.745187095994018556e-01,4.369293060014729085e-03
-8.090966238335950411e-01,-5.540324391310234020e-01
1.017691103700763877e+00,1.267700880295596466e+00
-7.231267230022363490e-01,-5.287085720055950677e-01
4.736790140335916249e-02,-2.832673974484132273e-01
5.290375367309235050e-02,4.878817268403976115e+00
-2.256512504503122851e-01,5.495568834286416404e+00
1.966833266979070294e-01,6.178834313943142753e+00
-6.893111443340041999e-01,5.112851290862436393e+00
9.749527771522941144e-01,5.941210114894653671e+00
-2.278424282352541574e+00,6.070733121856701331e+00
5.453740577030169234e+00,4.149430912382808145e+00
4.139688109051330223e+00,3.770999393864512328e+00
4.541802591782788667e+00,3.091286569013474317e+00
-8.836250115337384026e-01,-2.053730272710629079e-01
1.078723813136913900e+00,6.958708408513861521e+00
1.465536925245333633e+00,5.599692987343020789e+00
9.951481300225370474e-02,7.122298199602743907e+00
2.176751861519262476e+00,6.185552168222181457e+00
9.225807857749488416e-01,5.886132320476681556e+00
1.661683773249874374e+00,4.723666381630210687e+00
4.318787513622082685e-01,4.461134034136527760e+00
2.330433330418620219e+00,5.412405001444674291e+00
-7.734848698596165084e-01,5.827350521696073926e+00
2.845788489582414815e-01,6.081327090294057491e+00
2.550982990252123953e-02,7.230837290187256627e+00
-4.704929329044080233e-01,-2.612080480825479945e-01
1.210106144539168760e+00,-7.784523650578324405e-01
-6.517379827612889143e-01,-1.961141975377139746e+00
-1.250279063743408470e+00,1.117806357742660683e+00
5.668995826967007656e-02,6.798235236706905660e+00
-4.367800192627322442e-01,6.977960198505860134e+00
1.597751075068661875e+00,7.412002799798983688e+00
5.927870960203380779e-01,6.062387987187810801e+00
-6.384604202330865785e-01,6.122756243035569312e+00
1.294703997999382183e+00,5.143841681435433522e+00
5.761302460885577709e-02,6.126946618473398054e+00
-6.207991849486882430e-01,7.032701677611567170e+00
3.198526925042395330e-01,6.200468677510685644e+00
1.435642877006951590e+00,6.766875278271504257e+00
-1.289923970182723867e+00,5.489976896576034271e+00
4.243157144612217935e-01,6.541071058932902638e+00
1.020969441655927623e+00,6.114844078944329020e+00
-1.500398787600537298e-01,5.223869558252259182e+00
7.494639079351744781e-02,-1.166489722459322920e+00
-8.351759718452085313e-01,1.234812040514843723e+00
-1.484287148473272810e-01,5.706092165704331975e+00
-6.296695860918205545e-01,6.760956827062602592e+00
-2.677240327297579214e-01,6.724883485451951692e+00
1.843023258035672296e-01,5.073049726082912159e+00
2.170839503530237469e+00,5.576664239100171727e+00
4.593537326748940441e-01,3.464442499004033227e+00
2.092430230894182924e-02,5.101224382675960456e+00
3.799438936689227830e-01,7.491794916591764775e+00
9.609683624151653447e+00,4.002266700788331022e+00
9.009730616460467800e+00,8.109337406277315807e+00
9.128145020049926117e+00,6.481470924959308988e+00
8.094361775948256010e+00,6.324964109120758238e+00
7.421098476174300629e+00,5.515010917263654555e+00
7.053698703721098973e+00,5.690676521137598698e+00
2.057688266431697333e+00,5.211717532106364459e+00
3.039680830282193380e+00,5.037206163230171008e+00
4.384457413258794567e+00,5.197848486086932951e+00
3.697237443307485272e+00,5.341070853537044805e+00
4.700083612721746462e+00,2.153349052642306027e+00
5.013712255317595456e+00,3.113641171485054482e+00
4.168805152010402360e+00,3.356915741458330160e+00
-2.409986008872447183e+00,5.524837919790410723e+00
-3.574469954301272012e-01,6.878368292882661272e+00
-8.189445651442567309e-01,6.820564325613747592e+00
-7.780514189792537838e-01,6.783321739245584681e+00
6.012169063138584901e-01,6.336066130861577328e+00
-1.508473438351071838e+00,6.683312740622207038e+00
-3.502726937201011137e-01,6.901369022929891628e+00
3.290436201735607913e+00,3.151337979815697743e+00
3.296642737984967209e+00,2.295450883995095559e+00
5.873574002483186618e+00,4.413982925157509563e+00
3.566345113945964762e+00,3.643159443883116300e+00
4.236542715174302032e+00,3.241683247128083423e+00
4.636944067137522829e+00,2.848868603521580223e+00
1.415647783831618378e+00,5.975137964168449223e+00
1.439449040010377656e+00,5.862073842828456449e+00
4.529650404012308673e-01,5.355005815638401501e+00
1.599103780444634595e-02,5.717151116616076223e+00
7.963033497014234685e-01,6.746075331607699788e+00
-6.851994466630706437e-01,5.703429624873392001e+00
-1.821688169285796244e+00,5.711453272479209531e+00
2.136411043143599253e-01,5.595794544705759321e+00
-1.417860678858296364e+00,8.574333167234822639e+00
8.686869251872520944e-03,6.907093159020232243e+00
9.082415491392472617e-01,6.034392703052163576e+00
-1.418420817935935663e+00,6.419971888873265975e+00
-4.776083586933948522e-01,5.983663086438649970e+00
2.566534148846321903e-02,5.631448936947466954e+00
3.396140588707908248e-01,5.464525874383617143e+00
-1.691740796014172377e+00,5.601022693929858853e+00
5.943967730537578209e-01,1.754428033778372198e+00
-1.849876255571847761e+00,-1.293048631454573716e+00
-1.164667126398450048e+00,-1.481810762730665365e+00
1.451083587839832600e-01,-3.196493266355054375e-01
1.688511308811668499e-01,-2.467056985145859860e-01
2.373737892943457786e-02,9.672340941581446527e-01
2.106830095582345186e-01,1.972325067353891459e+00
-1.008041732525367939e-02,7.136287002680149705e+00
7.656253039516452974e-01,4.751365502039508470e+00
-1.005074139930163035e+00,6.469581291789324951e+00
-4.424090120692309447e-01,6.539410756155609405e+00
9.152539691062618887e-01,7.068840996182120584e+00
-5.567444411913698987e-01,6.809105879214075507e+00
-1.611014514484808924e+00,-5.622163462764074859e-01
-3.029435197705106653e-03,-1.153275248344777903e+00
7.571080810960463259e-01,-1.550934464685176151e+00
5.840891515088871833e-01,-1.321366397327637721e+00
5.425472658085714883e-01,5.662534061477733083e+00
-8.873021758662071878e-01,6.259506600164229440e+00
8.585089064823998584e-01,4.487759278002490859e+00
1.563694874798448042e+00,-1.690984930588217972e-01
2.168680622691341042e-01,5.418555190817536449e+00
-1.157108903712906339e-01,4.585789520319565327e+00
-1.530885246973280545e+00,5.305783076542801346e+00
7.737394716891955737e-02,5.443409975928705791e+00
7.978016479836824715e+00,4.032725659233742377e+00
8.079000156536919164e+00,7.284620905980942140e+00
9.003523970109460706e+00,5.866972117425970801e+00
8.236944951396409920e+00,7.100271008734632794e+00
7.099684704727613038e+00,5.395854735162743054e+00
8.401794365697632827e+00,6.301387210932359650e+00
8.357108447881890001e+00,5.191829909140265542e+00
7.956764133903377889e+00,5.837233358646407133e+00
8.262119139494563669e+00,6.956514374113440979e+00
7.333996665691777661e-01,-2.544797355653944382e-01
-4.975623281305951440e-01,3.031330429604376861e-02
1.714990360659878643e+00,-1.428289476623767040e+00
5.177378203054488814e+00,4.343365148383682595e+00
3.261266382737483482e+00,4.071684687047410378e+00
4.218017354929497031e+00,5.413345942861479188e+00
5.785669234718083587e+00,4.144304984538241143e+00
3.092020147374702876e+00,5.712843495107074787e+00
5.185321978508964591e+00,4.102594793598136391e+00
3.791993759345666515e+00,3.426631441272054879e+00
-9.291690965959520376e-01,2.399799995209381254e-01
-6.656294347557235591e-01,-1.362308777687210481e+00
-1.207111339142405093e+00,1.784523441915018882e+00
1.169366079230928612e+00,4.269639054304650294e-01
8.480041290733169035e+00,5.062225470348971967e+00
7.364503341574967443e+00,4.618401341725634879e+00
9.412240411562974529e+00,6.946498537648697180e+00
9.032157748156723898e+00,6.441779093846898618e+00
9.050671278951327281e+00,6.042625029642215928e+00
6.830008650929979552e+00,6.761514178508978290e+00
8.486909227677328360e+00,6.685774037931650149e+00
6.405880371309191190e+00,4.678100612884059650e+00
7.841317513372238146e+00,7.003677301950854250e+00
8.533474134075106576e+00,6.587211981955167772e+00
7.756892817726622980e+00,4.819472265693573121e+00
6.721613951750559757e+00,6.344053406800172823e+00
1.022788319747651542e+01,6.541154742559175617e+00
5.391229236285261628e+00,3.187746546012199200e+00
4.109249913548946864e+00,3.501297663257504578e+00
3.357766282817551851e+00,3.597582022113653188e+00
4.279551110777021883e+00,4.088309150163099481e+00
6.035366483712904184e+00,3.675248781542961307e+00
4.758185143728727695e+00,3.899607049790617008e+00
-1.232675399391064130e-01,-4.053906887845368928e-02
-4.452907514930390387e-01,-1.337534546821391501e+00
-8.248881985031292219e-02,-1.380672564238737965e-01
-4.702222641288534288e-01,-5.847015956529258984e-01
1.976548308736924275e-01,-6.790188434706194709e-01
7.969035587770610718e+00,5.805138454937082138e+00
8.461253580389410445e+00,5.926829112563592794e+00
6.504007127417069434e+00,5.165006576179325570e+00
8.108598489347398797e+00,4.871609719444915498e+00
7.053421686515600086e+00,6.433589905979231638e+00
7.188391419052249987e+00,3.837505927308795250e+00
7.935161821969005658e+00,4.796372725001257997e+00
-6.325157671531337344e-01,-6.217472678025052213e-01
-8.192646000791857785e-01,1.133323376550102735e-01
3.940179966259720779e+00,2.959796199433619712e+00
3.506512289134595672e+00,4.985269840432128952e+00
3.184199693981406121e+00,4.268303376813052274e+00
4.700139879864057235e+00,4.532327736729453882e+00
5.950321224246735596e+00,2.245261452566106541e+00
3.462903642583396113e+00,2.533559542159338651e+00
8.366386503727104795e+00,5.558948400015886193e+00
6.941420328532609929e+00,6.195304432809447981e+00
8.195115577780313743e+00,7.394184394365939106e+00
7.553689068765374159e+00,5.537079525554906567e+00
7.726361489579634423e+00,5.954060399657727487e+00
6.970190666079440156e+00,6.822452947542856805e+00
6.549336555307862184e+00,7.359312190611828619e+00
8.187094601804380645e+00,5.508931110085376837e+00
5.972300740360720894e+00,6.113316144446526934e+00
6.461356093521530397e+00,6.919734268769335728e+00
9.256484542460022169e+00,7.457105899494728796e+00
7.992882180058838770e+00,6.015100336568424133e+00
6.150195421731098122e+00,5.001918102606595085e+00
8.285384284915499720e+00,6.753491556880715230e+00
1.026953994565386274e+00,-6.095317322531664840e-03
1.259534370610152942e+00,9.092083206285793695e-01
-1.612834097681389522e+00,1.553306011571282452e+00
6.989261636026022906e-01,7.412795959499309362e+00
2.022181317126429789e+00,7.219334359957085390e+00
5.884398741022659786e-03,6.270885892840293074e+00
-4.867321221163171674e-01,6.254960938589626984e+00
-3.177353071619090641e-01,6.492268564022639410e+00
-3.010098664569862970e-01,5.288458306558154298e+00
3.437888256441171686e-01,5.931864429011880269e+00
1.407576600037079961e+00,7.356563713711068431e+00
3.860446275745667233e+00,3.212677546509433046e+00
4.419822500261261666e+00,3.998017399915712033e+00
4.715365277805751987e+00,5.912794316933302596e+00
3.803721233767359600e+00,4.063325512997217892e+00
3.883679055697281335e+00,2.705453781551118375e+00
1.065934219189999199e+00,-1.557385335033404095e-01
-6.088781705921231940e-02,-1.894186974153789782e+00
1.432282792371569191e-01,6.678301892220137592e-01
3.811671301535221046e-01,-1.107224534385037457e-01
1.009068685714919145e+00,1.373288970510427642e+00
4.482051926578232148e+00,4.577648899230456259e+00
2.885185800579102011e+00,2.868786039429680024e+00
5.205801600907981275e+00,5.652578363906741288e+00
5.296294079745360150e+00,4.691814895384912809e+00
6.308751777094697033e+00,2.577660111216939498e+00
4.492089259354407282e+00,3.683765479212037341e+00
1.693537842352813572e+00,7.848144364261138151e+00
1.733850454768522731e+00,4.809523221634911749e+00
7.310330730353071793e-01,6.711867634338908317e+00
1.171828927941239717e+00,5.874206390840970293e+00
4.721027966825829258e-01,5.713352092902137969e+00
-5.432079108904157572e-01,5.189571935418722859e+00
7.430850375105284567e-01,7.274604319705081146e+00
-2.046567757919796726e+00,6.500036999865260512e+00
-3.420640219625813438e-01,6.786277311028388937e+00
-9.568820106518122204e-01,-8.862424098859883470e-01
1.243701260182045631e+00,-3.007951819021578155e-01
-1.045536509214771259e+00,9.665314595285734445e-01
-1.026408035714465317e-01,1.598451749636327301e+00
-3.570382215890235966e-01,4.631197283404620890e+00
2.726661849837279106e-01,6.541046836824185640e+00
1.011085668796693482e-01,6.906372595036922135e+00
1.080828073993823857e+00,6.967690165307640626e+00
6.885470030936085006e-01,5.924509957045599684e+00
3.117689679361592692e+00,5.037467560961975011e+00
2.904298110396491772e+00,3.370506353453889936e+00
5.181172915997439787e+00,4.113789678793326132e+00
3.376952650431464420e+00,2.426123512510732994e+00
2.319438488600345849e+00,4.782212512101555291e+00
3.920414923352795178e+00,4.976523465166994065e+00
2.920056007658676123e+00,2.741214135345178882e+00
-4.921630039246866622e-02,7.317331231398830127e+00
-1.657280580110232382e+00,6.249672069841871291e+00
-3.398178132553688058e-01,5.343260523845384746e+00
3.593721722456003631e-01,6.933333361315185961e+00
-8.219769445784981254e-01,5.717866233173067414e+00
-1.216050802302921952e+00,6.330244096456853597e+00
-4.403915431752609133e-01,7.455410809464131816e+00
1.143369122943899557e-01,4.266223935585256477e+00
5.083275642672453465e+00,4.247604491923111070e+00
3.656562366285260435e+00,2.759241539953318778e+00
5.224048266487494985e+00,4.312125078183173699e+00
1.446445549066396996e+00,3.478658421711823490e+00
4.485889410928026955e+00,4.055507946069036862e+00
3.096882920652427984e+00,4.999281604930049028e+00
-8.850750005558388755e-01,6.709847155860552803e+00
3.240765527796767298e-01,5.664918723894783348e+00
1.833235984183794465e-01,4.847774685638071013e+00
-1.417655121973242283e+00,6.854336548662287143e+00
5.730206070140578811e-01,4.726192331545204794e+00
1.750242441492912082e+00,4.134865830261755804e+00
6.522594891952945284e-01,6.068587855423189126e+00
-2.834809439320927105e+00,6.809373371475247794e+00
1.762880186119246129e-01,6.434173521053298650e+00
-1.351609947740843864e+00,-8.702463038295999986e-01
3.134833208867908727e-01,1.984405107100156995e-01
3.722496695617517615e-01,5.286630573995942939e+00
3.170944275474261165e+00,4.692625532327710403e+00
7.421585274117863396e-01,7.550379858792613419e+00
1.793045977734631924e-01,6.542691437749476258e+00
-7.527146429407117756e-01,6.669025300132496170e+00
-2.705976518289979205e-01,6.999131731184501604e+00
-1.192320432127149221e+00,6.077451624521374995e+00
-3.251839144396700965e-01,4.951300652783679368e+00
1.288994419078938858e+00,5.914220936061609812e+00
6.612872184989694091e+00,6.022856338379008356e+00
8.138232589379608584e+00,6.050281799745686584e+00
7.995377766590657131e+00,6.828064150549558065e+00
6.656292711616786484e+00,4.223142951116670929e+00
7.537067866669371341e+00,4.596335505660943177e+00
7.387341025261129346e+00,6.303757594260085639e+00
6.920833702600588389e+00,6.165319791073674338e+00
8.577992333173188655e+00,4.751816845407169865e+00
8.936537581385129769e+00,6.836888687750541038e+00
7.558997933350297238e+00,5.529757687094993379e+00
8.457634528957722608e+00,4.734364158044861881e+00
7.196308428893440912e+00,4.927043231849485672e+00
-1.263478957360247568e-01,1.620793089850280255e+00
-7.651440734916823416e-01,-4.304132482331325948e-01
-2.428593993759828873e-01,6.132882708890228241e-01
6.504940321747539889e-01,-1.332360352025514949e+00
3.374007943413563027e+00,4.889205814074423451e+00
3.205427627447753558e+00,2.174207009559215642e+00
4.372514984582444697e+00,2.464866828272306076e+00
4.892166147320575753e-02,7.431073561114019732e+00
4.000636694287220130e-01,8.020194641943483305e+00
-1.138753231722019477e+00,6.257434261715731694e+00
1.798477415237479671e-01,5.485112680147484099e+00
1.273679187167139126e+00,1.089586425633131794e+00
1.130904368847543751e+00,3.969401543454458836e-01
-2.538573993804156714e+00,7.403399275419255687e+00
9.934571252599305735e-01,5.050672141070541521e+00
2.206752482117358138e-01,7.000483337872391409e+00
8.914682630631183269e-01,6.189875402440820906e+00
-5.373160608653072545e-01,6.276156474293914656e+00
-5.035106586585865740e-01,7.187824126686527038e+00
-1.911168053546006551e-01,6.285964089529000987e+00
1.393483086065287591e+00,5.900200450171329436e+00
-3.744975826559560073e-01,5.367314508857576882e+00
-5.498409574200650018e-01,-2.007406797693703115e+00
-1.089640136695351869e+00,1.618884831887389186e+00
1.801507222729564761e+00,9.351519474241228869e-01
5.036671736068358829e-01,-3.308644560366638676e-01
3.381136194907135573e-01,2.423664354692898343e-02
-1.528100191566154065e+00,-1.152823830423502338e+00
-1.162760532699460780e+00,6.430979183395909793e+00
3.261286492139556237e-01,4.781463288352652441e+00
2.300999843609595197e-01,7.791525742847234426e+00
3.546781837441376206e-01,5.949301398889444314e+00
2.749742233289591553e-01,4.395959061645633881e+00
-1.043618601276169233e+00,8.511982308845606582e+00
7.757260213458169740e-02,7.104389159340732007e+00
-3.075215282440438291e-01,4.384356393303398214e+00
-9.620614944364822563e-01,7.050618938106453015e+00
8.432855771091712915e-01,4.765640278127285967e+00
-9.336465617126011862e-01,4.694602541573363652e+00
5.976752869267965007e-01,6.289872479643719316e+00
-3.887432973772972367e-01,3.536859594813914764e-01
-2.658781632754224633e-01,6.093365804087981452e+00
7.666933926321175541e-01,5.403445016601569506e+00
2.248011972137663739e-01,6.763761790642666583e+00
-6.045151109869564277e-01,5.644148751731261626e+00
-4.683207248532061939e-01,4.658086917195674026e+00
1.346573904004099154e+00,5.571349486217721747e+00
-1.027510190390418687e+00,6.745336059310401922e+00
6.644462613285239128e-01,4.904098890212486239e+00
1.087018396155099875e+00,5.140588664203987079e+00
3.157662743995172661e-01,1.668318562682249984e-01
1.592756670734068347e+00,4.112392265825928761e-01
-7.287498326189931763e-01,2.923255417199618900e-02
8.368728921198231863e-01,6.999933637925588314e+00
-1.171915174345821375e+00,6.521894096848181555e+00
-4.994758952466888946e-01,7.395851531405448043e+00
1.496530721083694448e+00,6.592609662452867170e+00
8.587591051129878750e+00,5.811027134490184487e+00
9.524561318586059144e+00,4.332820376377917171e+00
9.851968033662403812e+00,4.980004349100921601e+00
9.743247318328357665e+00,5.561642469252877419e+00
7.947646253715737075e+00,7.298907949207721124e+00
